feature_1;feature_2;Label
54620;43523;1
52694;42750;1
53253;43024;1
54925;42624;1
54973;43980;1
52967;42955;1
55143;40238;1
53071;44896;1
55710;44219;1
54459;43964;1
54467;44351;1
53570;41898;1
55155;43399;1
54051;41019;1
55335;44023;1
54449;42872;1
53399;42273;1
54241;43580;1
56000;41710;1
53204;42630;1
54524;42904;1
55665;44100;1
55829;40780;1
54059;42096;1
53106;42771;1
54427;43777;1
55368;41828;1
53927;45077;1
55278;44081;1
55909;41497;1
53344;42929;1
55095;42443;1
55645;43363;1
55718;43777;1
57115;44424;1
54963;44875;1
54483;43594;1
54543;44843;1
54263;39356;1
53992;42499;1
54729;40311;1
55013;44589;1
53332;43782;1
52627;41645;1
57103;40709;1
54352;42520;1
50478;42084;1
54849;41733;1
53055;42310;1
55191;42127;1
51936;41784;1
54594;44345;1
52164;42650;1
56302;42288;1
52913;44156;1
53697;46311;1
53582;40916;1
52993;40890;1
54222;43822;1
52221;43490;1
55062;44521;1
52460;42366;1
54341;45492;1
52195;42091;1
53141;41774;1
53476;41355;1
54256;44048;1
56036;42102;1
54916;42689;1
53420;44299;1
54924;42079;1
56208;41204;1
53855;42912;1
55078;42668;1
52975;43407;1
52526;43275;1
56191;42928;1
56569;44022;1
53730;42300;1
56749;45529;1
55281;42586;1
56338;39718;1
52456;43210;1
55388;42905;1
55983;42644;1
54325;45723;1
52346;41845;1
52745;42741;1
54393;42416;1
53106;42336;1
56285;41221;1
54064;41409;1
53703;44027;1
54179;45588;1
55395;42014;1
53023;46128;1
56830;40997;1
57981;42287;1
52898;41098;1
54307;42992;1
55303;44416;1
52517;43287;1
53727;41735;1
55346;40987;1
53531;43995;1
54225;40013;1
54111;43711;1
55977;44177;1
55227;44206;1
52351;45876;1
49952;42514;1
55911;44667;1
55825;42139;1
53832;43983;1
54353;42453;1
50548;44199;1
54329;44001;1
54691;42918;1
54026;42248;1
54140;42328;1
54032;42111;1
54556;42397;1
55092;43404;1
54417;42391;1
57398;41217;1
55169;42237;1
53973;44112;1
53795;43670;1
52409;41340;1
51167;45741;1
56804;43627;1
56299;42413;1
55062;43027;1
54716;43766;1
54943;41966;1
57196;43284;1
54033;40367;1
56416;42968;1
56087;43599;1
54414;44613;1
52304;42213;1
57416;43226;1
54876;42500;1
52495;41064;1
54272;43145;1
55984;40501;1
53322;41799;1
55053;43347;1
54308;42602;1
54091;44335;1
50545;49343;1
50711;50227;1
49983;48300;1
51327;46829;1
53980;49207;1
52846;50052;1
51816;47204;1
51421;49806;1
49762;47210;1
51564;50111;1
51541;48433;1
54602;50309;1
51116;48104;1
53307;51015;1
51683;49283;1
51485;48750;1
52477;50139;1
52872;50375;1
54275;48580;1
51460;49224;1
52073;50583;1
50778;50832;1
52994;49958;1
52103;49204;1
51076;50440;1
49868;50597;1
51122;48724;1
53609;48195;1
50862;48277;1
50697;47557;1
52531;50046;1
51759;49073;1
50162;50113;1
51046;51417;1
52256;47563;1
54748;47435;1
51069;50726;1
53561;46928;1
50745;51221;1
51125;52196;1
49630;48514;1
53771;49411;1
50498;50993;1
52768;50430;1
51476;50875;1
50128;50117;1
49685;48605;1
49164;46821;1
51674;48858;1
50230;49055;1
53145;48166;1
50617;48690;1
53365;47853;1
53322;49129;1
52899;49148;1
53498;48141;1
50423;47832;1
51377;48123;1
50843;49836;1
51344;48631;1
52620;47208;1
53300;49981;1
53300;50101;1
51333;48502;1
52533;48519;1
49164;49656;1
52172;50246;1
52323;49316;1
49154;48565;1
50651;49838;1
50835;50099;1
53742;49907;1
50691;50499;1
51354;46853;1
50952;49346;1
52105;49253;1
52045;48784;1
51808;47875;1
51536;50378;1
52080;46732;1
51189;50434;1
51798;48228;1
51985;49754;1
53241;53420;1
52899;48633;1
54090;49415;1
51910;50787;1
51162;51612;1
52155;50267;1
49469;49205;1
51308;49630;1
50307;51082;1
50059;45731;1
50244;48477;1
48977;47710;1
48661;50836;1
51554;51790;1
51397;50323;1
52757;50130;1
52164;47191;1
51089;48855;1
52166;48385;1
52613;50446;1
51235;49140;1
50455;50713;1
52393;49486;1
51011;48580;1
51294;48648;1
52558;50207;1
53182;51978;1
53694;51985;1
50822;48480;1
50663;49713;1
49538;51625;1
53264;48831;1
51545;48362;1
51808;52179;1
53242;51473;1
49352;49577;1
51610;48965;1
48381;48106;1
48715;49479;1
50929;50250;1
50452;48945;1
52903;49650;1
52902;50105;1
50369;49615;1
51003;48693;1
51586;49170;1
52214;50324;1
51815;49375;1
50015;49385;1
49968;44951;1
51274;51159;1
50139;48240;1
51568;48212;1
52094;49427;1
53771;49868;1
52696;51309;1
51353;50271;1
52110;48679;1
53065;49559;1
51243;49471;1
49158;47569;1
51589;53212;1
50716;50226;1
52917;51056;1
52046;47422;1
50183;48147;1
49685;50701;1
59637;45811;1
60147;45082;1
60025;50540;1
62099;45862;1
62457;44344;1
60734;45976;1
61654;45375;1
62737;46856;1
59434;45767;1
61383;46454;1
59180;45359;1
62661;46734;1
61930;45278;1
61909;46072;1
63957;47753;1
62033;45635;1
58244;45992;1
61159;45013;1
61495;46965;1
62011;48870;1
59014;46813;1
59953;46852;1
61075;46380;1
59978;45921;1
63518;45366;1
60662;45183;1
61917;49590;1
58162;45461;1
58656;47841;1
60103;43554;1
61360;46709;1
61576;48371;1
59026;46292;1
61555;46519;1
63261;45819;1
61252;48636;1
60366;46199;1
59988;48268;1
62906;45197;1
59397;44267;1
61898;46911;1
62684;47619;1
62113;46253;1
61034;48519;1
60097;49612;1
59797;43693;1
61500;44023;1
58569;46086;1
62098;48364;1
60135;46592;1
63119;45688;1
61016;47793;1
60779;47519;1
61530;46159;1
62512;46476;1
59835;47222;1
59495;47409;1
58468;48906;1
57948;47995;1
59107;48912;1
61258;46064;1
59691;47572;1
59628;46865;1
60173;48289;1
61201;45635;1
62400;45584;1
59578;48612;1
61786;44837;1
60755;44937;1
61942;46526;1
61501;45670;1
59458;47430;1
60630;47285;1
59370;48566;1
59677;46828;1
62217;43734;1
59962;46140;1
59247;43976;1
62951;43581;1
64197;46477;1
58954;45292;1
62130;43638;1
61766;44822;1
61211;44484;1
62982;45314;1
60461;46738;1
61434;46270;1
60185;48738;1
60602;44756;1
62991;49882;1
60817;46350;1
59524;46701;1
61589;48446;1
63760;44658;1
62292;48885;1
63074;47510;1
60573;45064;1
62195;46716;1
58990;47402;1
58730;46167;1
61872;46473;1
62583;48197;1
63311;44483;1
61267;46010;1
59364;48273;1
61827;44599;1
58938;46819;1
60129;46161;1
56623;47837;1
60470;45222;1
61691;45495;1
60109;43495;1
58717;46859;1
58565;46331;1
60601;47937;1
62566;49149;1
61903;46451;1
61782;47084;1
61954;45907;1
62345;47091;1
58264;45640;1
61303;48326;1
58773;43499;1
63086;47075;1
63081;47684;1
60204;46955;1
60597;46399;1
59077;48115;1
61768;44391;1
58976;45060;1
60989;47257;1
61190;47066;1
60972;46551;1
60077;44786;1
61432;46817;1
62600;45672;1
61396;48168;1
62082;46029;1
62480;45840;1
60049;45388;1
59918;48366;1
62084;45119;1
60707;46058;1
60634;45826;1
63489;44063;1
62451;48261;1
62426;44954;1
61782;49028;1
61595;47677;1
62779;47041;1
59953;50937;1
60526;53180;1
58802;53819;1
62297;52300;1
58604;54336;1
60766;55324;1
58238;51102;1
60125;49071;1
59177;52894;1
61205;52646;1
59620;53606;1
61566;53795;1
62010;50563;1
55811;52761;1
57938;52825;1
62783;52794;1
59198;52561;1
59786;51948;1
60902;55082;1
60679;50894;1
63223;53981;1
60586;48986;1
61159;54532;1
61033;52468;1
61475;53918;1
62169;51916;1
58904;53725;1
60531;53274;1
61442;51792;1
60235;52007;1
58915;50231;1
62109;50367;1
59971;53488;1
60369;52563;1
57329;51751;1
59933;56156;1
61775;53359;1
61599;53671;1
60106;49519;1
57978;52975;1
63057;51681;1
61776;51655;1
62364;50648;1
60327;51525;1
59857;53804;1
59856;50041;1
58313;52980;1
62549;54640;1
59146;54829;1
61469;51409;1
58371;50040;1
61314;51110;1
60548;53678;1
59922;52786;1
58762;51916;1
60854;52169;1
62313;53461;1
60787;51558;1
60948;49685;1
60644;51665;1
59095;50820;1
58808;52874;1
63244;53722;1
61129;52867;1
60730;52083;1
61190;54253;1
57940;53483;1
60793;50532;1
57987;50535;1
57316;51557;1
57344;53713;1
59345;53451;1
59309;53689;1
63148;54994;1
65535;51609;1
58432;52328;1
61739;52881;1
58769;54508;1
62146;50611;1
61353;52949;1
60249;52238;1
60703;52037;1
61407;52897;1
59622;51840;1
58297;53749;1
58234;52471;1
63457;52600;1
60443;53128;1
62485;51824;1
59626;52498;1
60245;51232;1
60088;51401;1
59466;51775;1
59673;50869;1
59396;54860;1
60024;50389;1
63143;53181;1
61364;52426;1
61272;52410;1
61352;50032;1
60794;53091;1
58644;54218;1
60576;51753;1
59434;52433;1
61099;50199;1
57111;51732;1
59385;51054;1
59626;52424;1
62053;52942;1
59411;54228;1
63256;53319;1
61799;52927;1
56783;52846;1
61232;53224;1
60221;52022;1
58815;54259;1
58336;53014;1
60820;53919;1
59816;53916;1
60946;53614;1
57803;50468;1
59045;52706;1
60617;51398;1
61019;51535;1
60753;50736;1
62592;54099;1
60868;51134;1
60597;51012;1
60201;52003;1
60152;49128;1
59566;53452;1
59703;52501;1
58933;53890;1
59898;51245;1
60079;53099;1
62063;51857;1
60308;51685;1
61447;51661;1
58543;53625;1
61593;51496;1
61290;54028;1
61105;49647;1
60231;53265;1
59558;52776;1
58402;52389;1
58134;51877;1
59040;54950;1
63162;53609;1
58718;49514;1
60396;52805;1
44040;46197;1
46006;46521;1
47260;47193;1
45600;46395;1
44324;44879;1
42732;45444;1
43609;46066;1
46021;44331;1
45527;42803;1
44401;45918;1
44023;46226;1
44772;46447;1
46125;45879;1
45451;47318;1
44081;47210;1
45840;49753;1
46384;44600;1
44279;43434;1
44882;47245;1
45818;44321;1
45019;45549;1
43897;46696;1
43524;46836;1
42508;47345;1
45015;46110;1
45356;44834;1
45010;47987;1
43712;46227;1
46179;46421;1
45360;46378;1
44163;47526;1
46904;46553;1
42409;44578;1
43905;45300;1
42749;45475;1
44698;44129;1
43280;46617;1
45574;47897;1
43851;47533;1
44478;46315;1
44520;46484;1
46371;47909;1
42904;44785;1
44901;44409;1
43361;48159;1
43714;43305;1
44492;45977;1
43671;47848;1
43629;46252;1
45612;47971;1
44877;48055;1
44762;46708;1
46340;45960;1
42187;44860;1
42896;46268;1
44691;46276;1
42616;48423;1
44100;44734;1
45893;47567;1
45486;44940;1
46071;50218;1
46857;48357;1
46050;46610;1
44886;47155;1
45351;45046;1
44677;47921;1
45206;46504;1
44977;46050;1
46042;47659;1
44793;47895;1
45298;46876;1
42300;46449;1
45015;44653;1
46676;46171;1
45440;45988;1
46055;47085;1
44201;48116;1
45308;45173;1
46229;46865;1
45738;46899;1
43439;43985;1
42348;46774;1
45146;47690;1
46211;44206;1
44565;44177;1
46191;48317;1
45909;45961;1
44577;46345;1
46157;45612;1
41927;48543;1
45309;46374;1
46051;45145;1
41508;47088;1
44238;45158;1
45806;46785;1
45230;47186;1
42223;47000;1
44108;46834;1
46761;47183;1
45727;44795;1
45234;46110;1
46226;45384;1
44460;46396;1
46924;47066;1
44201;46722;1
45562;47033;1
43711;47308;1
46969;46954;1
46080;45768;1
43869;48571;1
45755;46024;1
44704;46111;1
45754;46817;1
44916;46930;1
45205;44698;1
45636;41946;1
43794;43368;1
42990;47111;1
44324;47646;1
46585;48285;1
43138;47056;1
44109;47298;1
42078;45102;1
44719;47108;1
43690;44669;1
43682;47550;1
45997;46437;1
45652;46746;1
45705;47041;1
45374;46355;1
45536;44653;1
45595;47049;1
44325;46733;1
46511;47373;1
44717;47856;1
45786;46580;1
41089;45626;1
41851;44047;1
47162;47068;1
46773;44941;1
45806;45282;1
43274;47372;1
42182;45481;1
43583;47308;1
44362;45655;1
43611;45959;1
42283;44263;1
48266;45184;1
45821;47089;1
47332;45389;1
37900;43700;1
38172;42792;1
38870;44459;1
36702;45802;1
39220;45233;1
39240;45636;1
38915;45632;1
37496;46121;1
37626;43520;1
36859;42832;1
36497;45576;1
37937;43875;1
37414;45176;1
39339;45642;1
38768;44701;1
41073;43678;1
35880;44226;1
37556;45014;1
39028;46813;1
39129;45517;1
39139;43725;1
39846;44359;1
38946;42243;1
37889;42985;1
37202;42594;1
39657;46012;1
40225;43669;1
39702;45456;1
36022;44378;1
39149;44151;1
38749;44262;1
36524;45489;1
39630;45246;1
38678;43050;1
38805;43472;1
36611;46457;1
40358;44017;1
42141;45706;1
36701;43206;1
37160;42132;1
39036;46009;1
38631;43541;1
39553;42753;1
38443;45629;1
35876;43700;1
37021;42818;1
41819;44466;1
40028;44930;1
37346;45508;1
38863;44153;1
38508;42962;1
37264;47422;1
38967;44890;1
37439;44820;1
37270;43745;1
38396;44576;1
38385;42809;1
38104;44902;1
36294;42107;1
36196;48017;1
37836;43781;1
38015;47510;1
36982;42306;1
34913;45567;1
35954;45537;1
37321;45452;1
38878;44922;1
36692;43157;1
39976;45731;1
36945;43736;1
39339;47635;1
37645;43455;1
39633;45001;1
36611;43308;1
34906;46250;1
38611;43370;1
41704;45883;1
39621;43859;1
38077;43794;1
40492;47761;1
34702;44962;1
37823;45829;1
36125;46077;1
39395;47560;1
37207;41740;1
37616;47074;1
40281;44811;1
38038;48847;1
39125;42626;1
36602;45948;1
38478;45047;1
37382;44795;1
34334;42680;1
36768;41959;1
37938;45945;1
35861;45653;1
38094;44260;1
37969;44116;1
36962;45354;1
36490;44675;1
38348;45436;1
40941;43844;1
36794;42112;1
37542;46600;1
37933;46235;1
41131;42932;1
38015;46380;1
36468;45109;1
35208;47795;1
38449;43572;1
39124;42972;1
35984;42959;1
40255;44800;1
37430;41616;1
36451;44885;1
38267;44239;1
38653;43402;1
39128;42928;1
40318;44621;1
39291;43282;1
36671;44622;1
37140;44018;1
36271;44809;1
38421;44847;1
37125;44254;1
41955;45767;1
37094;44119;1
37694;42646;1
38965;45780;1
37904;44387;1
39379;44164;1
36780;43453;1
38535;43780;1
38827;45565;1
37760;44128;1
37103;46501;1
36567;45438;1
39429;44771;1
38365;45290;1
37201;46980;1
38197;42246;1
38657;45536;1
37755;43877;1
37701;44638;1
40228;46360;1
35969;44284;1
36903;42584;1
38661;44045;1
38646;42669;1
37416;45799;1
36035;49446;1
38117;50251;1
36690;49591;1
34794;50227;1
37120;50499;1
35693;52595;1
34424;50941;1
35866;51091;1
37703;52241;1
34587;49905;1
33678;52163;1
36568;52539;1
35268;51811;1
38729;49255;1
36501;48967;1
34736;48182;1
33096;50259;1
37830;51496;1
35451;47900;1
35724;51642;1
36425;52080;1
35938;51733;1
38012;50808;1
33453;50485;1
36714;49251;1
37741;49565;1
37294;50769;1
37509;49964;1
34605;51599;1
35289;50416;1
38044;50643;1
37268;53110;1
36656;50566;1
36229;52718;1
35130;50291;1
36510;50240;1
36021;48965;1
36001;50147;1
38506;49918;1
38123;52510;1
35792;48033;1
38875;51578;1
36128;48920;1
33825;51800;1
38347;52233;1
33348;49892;1
36163;53031;1
38329;47862;1
36978;48153;1
37327;51814;1
35640;50947;1
38899;50810;1
35153;49820;1
37773;51076;1
35854;49904;1
36557;48528;1
39462;50878;1
35609;51438;1
36400;49928;1
39355;49950;1
35678;48944;1
36240;50203;1
37851;50911;1
35529;48483;1
34856;50507;1
34555;47854;1
37617;51514;1
35288;52498;1
37102;50697;1
36117;50939;1
36195;51606;1
37334;49489;1
36894;47891;1
36510;50444;1
35679;51251;1
34039;48581;1
35416;50433;1
35292;47507;1
35473;49117;1
36805;51837;1
34907;49407;1
38576;50876;1
36911;52330;1
34151;50380;1
35994;50817;1
35873;50003;1
36406;50463;1
36711;51816;1
36773;50930;1
36847;53455;1
37462;52043;1
37317;49835;1
36221;54174;1
34893;50011;1
37153;52163;1
34999;50316;1
38215;53643;1
36818;50538;1
34119;52062;1
36099;51107;1
34017;50315;1
34972;50553;1
33611;50666;1
33361;48121;1
38446;48060;1
34622;51962;1
31946;51702;1
34976;51227;1
34143;49934;1
35518;50270;1
36539;51996;1
34748;51075;1
35055;51610;1
37740;50009;1
38157;49848;1
37775;49692;1
36319;52029;1
36552;51655;1
32979;50394;1
34994;52092;1
37047;48811;1
36847;53569;1
34617;52089;1
37507;50353;1
32954;50861;1
36008;48930;1
38371;51242;1
34908;50703;1
37348;49716;1
35338;51900;1
36979;51524;1
35275;50848;1
37365;52976;1
36288;52087;1
35328;53446;1
34733;51912;1
35553;51517;1
38070;53037;1
35152;50692;1
37005;51257;1
36522;50164;1
37810;48108;1
36619;46682;1
35912;49827;1
38795;48442;1
34981;48664;1
36403;48903;1
34507;47459;1
37485;51322;1
38515;50074;1
31066;46469;1
30611;46226;1
29328;44467;1
29589;46786;1
30863;47267;1
32118;43011;1
33642;48588;1
29513;44633;1
28483;46037;1
30420;42435;1
31130;46909;1
29934;47200;1
32303;47345;1
30906;47311;1
29581;44268;1
28832;44831;1
29906;47016;1
31073;46483;1
30198;47951;1
31032;45152;1
32141;43787;1
27818;46878;1
30370;43579;1
30879;41734;1
31448;44717;1
33078;44208;1
30581;46960;1
32202;47711;1
31905;46820;1
36071;44535;1
28440;44810;1
31170;46097;1
32193;45876;1
34126;46746;1
31067;45079;1
31167;47656;1
33790;46438;1
30561;46264;1
31109;44892;1
33014;45886;1
32463;45301;1
30997;45889;1
30534;46102;1
29735;48055;1
28512;45840;1
32901;45871;1
31926;45424;1
32819;47173;1
31542;45614;1
30793;42766;1
30764;43714;1
31793;46337;1
31657;46117;1
30537;43629;1
32209;47167;1
32744;43999;1
29246;46479;1
29476;43739;1
30758;41842;1
30553;47040;1
31802;47476;1
29976;46087;1
30957;47930;1
32118;46390;1
30694;44466;1
30439;47075;1
31920;46382;1
31778;47518;1
29259;45342;1
30472;44653;1
32252;46230;1
31852;45306;1
32198;46699;1
31370;45222;1
32264;46894;1
32335;45997;1
31154;45908;1
28736;40792;1
29679;46301;1
32210;46786;1
31213;43528;1
31291;44107;1
31127;47321;1
28118;44775;1
31119;46055;1
29705;47057;1
31624;45467;1
30790;47566;1
31604;46454;1
30100;45879;1
29919;45857;1
30801;44512;1
33008;44407;1
32062;45990;1
29052;45808;1
30659;44846;1
30026;45682;1
30627;44454;1
30382;43613;1
31871;44973;1
32139;46892;1
30578;44542;1
29043;45436;1
32211;48405;1
30016;44487;1
31178;44394;1
30522;46566;1
32049;47819;1
29855;45626;1
31054;44541;1
29608;45031;1
29612;45840;1
31350;44748;1
30806;45234;1
33610;44086;1
33021;43481;1
31152;46517;1
29368;46709;1
30888;45683;1
33108;45964;1
34179;48012;1
29599;44203;1
28615;47158;1
31622;45004;1
30047;45342;1
31991;44255;1
31144;43395;1
29855;45069;1
29912;46430;1
30220;45595;1
29812;46044;1
29899;45748;1
34751;49387;1
30128;45204;1
30635;43889;1
30294;45296;1
31764;46849;1
34639;46169;1
30302;47776;1
30371;45565;1
31911;45528;1
29707;44749;1
31573;45804;1
30257;45725;1
31476;44300;1
28961;43127;1
30635;45556;1
31375;45645;1
31662;45383;1
30947;43537;1
23842;44933;1
25896;45359;1
21800;47934;1
24542;44728;1
23441;45886;1
24535;44138;1
24486;43549;1
25819;45207;1
24646;45406;1
24392;46261;1
25166;45053;1
22211;45191;1
20458;45329;1
24316;45453;1
21958;45560;1
22184;44249;1
23144;45494;1
24266;44510;1
26221;45421;1
22912;46671;1
25740;44473;1
23877;45909;1
23609;46656;1
23433;45945;1
22387;47332;1
22050;45954;1
21444;46964;1
22051;44212;1
23554;45863;1
24929;43868;1
22096;47233;1
23462;44483;1
25301;46117;1
22168;46142;1
23939;46011;1
24675;45135;1
23107;46354;1
20963;45739;1
22876;45874;1
23487;42557;1
22163;45795;1
23404;44335;1
21221;44474;1
22638;45554;1
21615;48163;1
20714;45805;1
23688;45829;1
23515;46366;1
23692;44325;1
24567;43379;1
24343;46878;1
23272;45633;1
21255;44721;1
22392;47698;1
22575;45576;1
23378;45780;1
21147;44235;1
23016;45266;1
21108;45235;1
23136;46375;1
23584;44797;1
24890;43027;1
24311;41002;1
24738;44640;1
26216;43410;1
23658;45171;1
23855;45931;1
22615;45157;1
23820;44976;1
23767;43141;1
21854;45512;1
20838;46554;1
25822;48220;1
21171;46906;1
23376;45082;1
24788;44771;1
24522;45861;1
25495;42792;1
23958;44468;1
23825;46811;1
24527;46626;1
23835;46847;1
22937;43548;1
21657;45779;1
24273;42879;1
26228;46553;1
23338;46902;1
24477;43061;1
24736;45066;1
22976;47248;1
23230;46643;1
23589;42521;1
22285;45629;1
26468;45504;1
21561;44237;1
22250;45658;1
23906;45475;1
23754;47759;1
23594;45950;1
24330;45763;1
25198;46841;1
24438;45278;1
22378;42929;1
25044;44899;1
22934;45175;1
24259;43678;1
24947;45212;1
23737;44771;1
24847;44152;1
23038;45476;1
23277;44688;1
20307;46589;1
20494;45315;1
25807;47714;1
22166;45254;1
25532;46572;1
27376;45995;1
22506;43691;1
24987;44077;1
22999;46007;1
22034;44197;1
20914;44091;1
25535;46274;1
23288;45258;1
22341;46998;1
23954;47601;1
21368;45917;1
23746;45135;1
25316;46217;1
22485;48161;1
24868;46549;1
23674;43785;1
22995;44707;1
27463;46986;1
25679;47098;1
21579;45924;1
21055;45837;1
26609;47476;1
24628;45035;1
24355;48292;1
24966;43815;1
23763;44750;1
20485;46394;1
23524;46587;1
23628;44730;1
25693;46232;1
25345;45149;1
22546;43351;1
24514;48478;1
22225;44140;1
56907;37079;1
60236;35088;1
58110;38682;1
59019;39748;1
55932;35163;1
57632;37220;1
56429;35600;1
59796;34874;1
51782;34639;1
54794;34578;1
55615;36243;1
57356;40144;1
58457;37432;1
58770;33452;1
58965;33085;1
55470;35116;1
56993;32158;1
58047;36416;1
54381;36820;1
57391;35246;1
56730;35577;1
52492;35399;1
54286;34827;1
55842;36136;1
56678;35623;1
56690;36823;1
57832;36316;1
56688;36583;1
58706;36418;1
55517;34972;1
56809;36297;1
55983;38451;1
57652;35563;1
56680;34674;1
55269;35481;1
56805;36159;1
57312;35967;1
55628;34757;1
58214;37687;1
57022;36838;1
56611;34057;1
55580;34586;1
58427;32683;1
55448;37197;1
56636;35529;1
53222;36200;1
56396;37255;1
57306;37084;1
57593;37299;1
57370;36555;1
55510;35439;1
56813;35086;1
58070;35178;1
57381;34383;1
57335;32064;1
57649;35291;1
55892;36852;1
56074;35582;1
57906;33048;1
55366;35650;1
56413;36418;1
56941;38327;1
57154;33712;1
57750;36800;1
57857;36922;1
56143;35658;1
55338;35743;1
56441;35275;1
56414;37396;1
59486;32151;1
58706;36533;1
52659;34777;1
59404;32845;1
56922;35768;1
57726;35998;1
57200;36580;1
57944;36151;1
56618;35436;1
59034;35201;1
57527;34254;1
55893;34795;1
59479;34096;1
56696;36827;1
58247;36777;1
57425;33591;1
55633;35639;1
58824;35451;1
56641;37864;1
56541;35719;1
58690;38619;1
57601;35635;1
57601;38899;1
55493;35034;1
56406;35362;1
54744;37285;1
56968;36170;1
56554;34309;1
57672;34909;1
56549;36908;1
54899;36989;1
58177;34610;1
52736;36955;1
57200;36282;1
56107;34721;1
56844;34985;1
59046;35909;1
58878;34978;1
55592;36014;1
57442;38090;1
55333;34329;1
55756;36134;1
57707;36517;1
56490;35034;1
55408;37045;1
55350;37801;1
57650;36971;1
57240;34898;1
56276;34870;1
56026;35279;1
55507;39069;1
59313;34984;1
59314;35053;1
55148;36561;1
55846;33030;1
58280;35077;1
57860;36410;1
53799;37256;1
56172;34623;1
56629;34903;1
57012;37189;1
61328;34539;1
58570;36942;1
55822;35934;1
58008;34512;1
56810;36292;1
57603;34029;1
59246;36194;1
53045;33476;1
58231;34186;1
53386;37554;1
54858;34270;1
54851;35170;1
56299;36158;1
55829;34669;1
57130;33622;1
57045;35018;1
55963;37150;1
57850;35626;1
57398;33876;1
57433;35084;1
57353;60000;1
58154;59780;1
59668;60897;1
58098;61604;1
60212;56867;1
58558;56754;1
57238;61962;1
57393;60130;1
60954;58518;1
59449;62121;1
58116;61273;1
56322;59335;1
57785;59295;1
60018;58622;1
58845;62613;1
58689;61640;1
57082;58629;1
56935;61044;1
58391;61517;1
60966;58270;1
60804;57443;1
60743;58206;1
59138;60401;1
59953;59003;1
60969;59822;1
57136;61329;1
57366;61945;1
56366;57724;1
58665;59932;1
60758;60881;1
57980;59322;1
59239;61982;1
57812;61923;1
59704;60580;1
61020;59430;1
59976;61896;1
60409;59802;1
59165;59687;1
57762;60304;1
58771;60580;1
57753;59203;1
57852;60171;1
59079;59352;1
56843;59151;1
60331;57240;1
57591;61596;1
57063;58649;1
56693;58774;1
57642;59436;1
58329;60180;1
59112;63187;1
57718;59894;1
56937;59156;1
57576;59542;1
58613;58762;1
60267;60706;1
57706;56481;1
59214;58361;1
61073;59807;1
57207;61078;1
58015;59153;1
58158;58562;1
55203;57018;1
58219;61499;1
57782;60002;1
55784;59163;1
59345;61352;1
59269;59992;1
56691;59491;1
59024;60718;1
59110;60648;1
58750;57843;1
59118;60039;1
57473;59889;1
57935;59287;1
58935;58666;1
58889;60334;1
60927;60647;1
59624;59604;1
58797;58377;1
58624;58748;1
58691;58145;1
60046;58263;1
59449;58883;1
56818;60227;1
60006;60524;1
59772;62508;1
57843;58840;1
59475;60281;1
57562;57847;1
57692;60874;1
59111;59739;1
55418;59726;1
57647;61654;1
57192;63091;1
56910;61194;1
60549;59383;1
58222;62395;1
59915;58433;1
59520;59618;1
58928;60595;1
59722;59830;1
61347;59432;1
61654;61450;1
56954;58817;1
56034;59874;1
60069;58113;1
58563;62792;1
59022;58759;1
56745;59632;1
58611;56944;1
58213;61124;1
59832;61819;1
57659;62508;1
58167;57737;1
56924;58052;1
59983;59647;1
60295;58226;1
59571;59704;1
59407;63359;1
61438;60731;1
58412;60555;1
59087;60200;1
59921;58297;1
62507;59886;1
56500;61376;1
60955;57896;1
58439;61605;1
56364;59088;1
56487;61747;1
59447;57392;1
57894;59036;1
57925;61583;1
61135;58271;1
59445;59658;1
59387;60014;1
58154;60283;1
55361;61450;1
59573;59358;1
60407;60339;1
57851;60497;1
56974;60278;1
58959;61260;1
58590;59525;1
56814;60167;1
56482;59948;1
59678;56732;1
56898;59377;1
61084;58521;1
60235;57996;1
35967;36673;1
33802;37020;1
34261;37067;1
37405;33958;1
36836;39256;1
37201;37141;1
33942;34583;1
36874;35950;1
36087;35914;1
35266;37658;1
35368;35938;1
37797;36278;1
38059;35143;1
37189;38589;1
39025;38317;1
39884;40043;1
34384;37619;1
35438;35961;1
35228;34409;1
36656;39035;1
34657;37807;1
34997;35538;1
34596;37163;1
36515;36356;1
36659;37772;1
37432;39281;1
35778;38273;1
35673;37211;1
35254;33638;1
36100;37456;1
38717;38000;1
37182;37411;1
35648;39129;1
35955;37847;1
36359;37310;1
35721;36229;1
36528;36061;1
39397;39374;1
36008;35818;1
34522;35773;1
35101;38142;1
36844;38976;1
36672;36938;1
36638;35819;1
35636;37443;1
36690;39754;1
35091;35641;1
36944;39148;1
35483;38084;1
33394;37319;1
35390;35563;1
37099;38588;1
38095;39196;1
36056;34964;1
35612;35819;1
34622;37604;1
33618;37049;1
37790;37999;1
39063;35717;1
36444;34614;1
37971;36374;1
32167;39987;1
36206;36422;1
36389;38939;1
36095;33268;1
37525;38632;1
33540;39200;1
35076;35331;1
35191;37667;1
33916;38665;1
36172;35806;1
36579;35985;1
37915;37571;1
35600;37619;1
32910;36355;1
35412;36473;1
36407;36157;1
36663;37415;1
34432;35853;1
36058;35597;1
34996;36782;1
38645;36855;1
35811;37422;1
34222;38934;1
36509;37087;1
34560;38446;1
36209;37346;1
34940;35990;1
35403;36688;1
32942;35010;1
35436;37366;1
37768;35501;1
34772;37566;1
37396;38924;1
37109;39039;1
36322;38482;1
36164;36125;1
35531;36570;1
37177;35936;1
35355;38390;1
38130;36011;1
36242;37643;1
37882;36742;1
36127;38450;1
35394;38220;1
34349;37125;1
34947;39400;1
33437;35442;1
34167;36965;1
36172;39484;1
37370;38669;1
37667;37350;1
36974;38282;1
35801;35541;1
35609;37194;1
36795;34454;1
34626;36266;1
35808;36376;1
33613;39794;1
37801;36929;1
38443;39283;1
33652;37501;1
35332;38247;1
37264;36885;1
35768;33850;1
33922;37009;1
33846;33297;1
33715;38111;1
34553;37161;1
36826;38107;1
35007;39211;1
36173;35498;1
36725;35697;1
36455;37227;1
35395;37619;1
34614;36595;1
35110;36198;1
34870;39058;1
35579;39250;1
36919;37870;1
35851;39142;1
38539;37485;1
35082;36246;1
32801;33333;1
35038;34405;1
35494;35663;1
37480;35672;1
35852;35216;1
36125;38191;1
36039;37098;1
36216;62182;1
37992;59534;1
36398;59165;1
33519;59516;1
37891;59892;1
37835;56856;1
36486;58780;1
36333;58448;1
35492;58360;1
39398;58165;1
36215;57623;1
36229;58559;1
35847;60401;1
33122;61567;1
36575;58483;1
38437;59774;1
36403;61703;1
36423;59073;1
35423;57630;1
36850;56751;1
33959;57663;1
36243;57771;1
37479;60292;1
39385;58486;1
35322;59148;1
35700;57384;1
36242;57635;1
36696;59198;1
34637;57665;1
34443;60316;1
37166;58232;1
39283;59107;1
36049;59576;1
34553;59382;1
40134;59872;1
33630;58312;1
35047;60446;1
36709;56868;1
37404;56050;1
37599;57510;1
36454;59424;1
38035;58873;1
36308;60312;1
38558;56670;1
36529;58009;1
32534;60827;1
35346;58988;1
34712;57869;1
35561;59193;1
35534;60214;1
37053;57010;1
38314;58604;1
38318;60919;1
38027;59660;1
35355;60826;1
35436;59180;1
35727;58236;1
39398;60099;1
37269;57920;1
36889;59486;1
37566;59456;1
39104;58213;1
32504;60521;1
35603;58464;1
33987;58301;1
38181;57802;1
33486;56845;1
36799;61300;1
36246;57201;1
33218;58279;1
35125;58821;1
36219;58974;1
37589;58770;1
40243;57661;1
35361;62227;1
38232;59464;1
35237;58902;1
35398;58700;1
37988;59312;1
35644;59384;1
38422;59220;1
37090;59149;1
38945;59787;1
34996;58737;1
34596;59765;1
36992;56453;1
33822;59036;1
35211;58983;1
36283;59567;1
38990;58154;1
37488;61935;1
35445;59206;1
37798;56597;1
35170;59819;1
33624;58303;1
35462;61614;1
34945;57757;1
38089;56389;1
37372;57669;1
39872;58481;1
36960;58594;1
35192;61069;1
37556;56733;1
37083;57931;1
36878;61006;1
37226;57241;1
38515;58026;1
34289;56684;1
35741;57634;1
37745;57622;1
36805;60016;1
34914;58404;1
38566;59390;1
36967;58135;1
36433;57684;1
34796;60094;1
36645;58435;1
36421;57942;1
36037;57311;1
35578;57692;1
33356;61093;1
33015;57987;1
36045;57448;1
33606;59280;1
37937;56751;1
35457;58671;1
37360;59696;1
35066;57896;1
36783;59577;1
34208;56715;1
36846;60935;1
35141;60571;1
36861;59309;1
34573;59067;1
38523;59697;1
35104;58388;1
36442;57756;1
36551;60388;1
35711;57926;1
36064;60505;1
38706;57037;1
36216;57898;1
39611;56741;1
35988;58251;1
37263;57129;1
37094;59676;1
35217;59875;1
36483;57847;1
34924;58072;1
37060;58762;1
30908;61364;1
29802;58114;1
30571;60758;1
34779;62221;1
30304;61141;1
30877;60859;1
30681;62149;1
31259;62320;1
30567;62523;1
28728;61702;1
32333;61933;1
29047;58154;1
31463;61149;1
30898;60616;1
28229;59101;1
33697;58534;1
29758;63528;1
30280;62465;1
32349;61066;1
32134;61037;1
30612;61541;1
33233;62021;1
29987;61369;1
29079;60255;1
29589;60622;1
28995;58890;1
31627;61188;1
29272;59183;1
28392;61346;1
31204;59112;1
30174;60328;1
31578;60296;1
29445;64978;1
31977;59480;1
31182;60250;1
30648;60178;1
30532;61950;1
31720;61379;1
32583;61093;1
30050;60218;1
31627;61090;1
31236;60424;1
28553;62002;1
30375;62924;1
31573;60997;1
27505;58926;1
30061;61246;1
32649;59545;1
27696;59838;1
30506;59686;1
32074;61939;1
28616;59416;1
29085;60541;1
30515;60969;1
33532;59075;1
28578;63180;1
31643;60477;1
28729;63139;1
31112;61673;1
32361;59991;1
32426;59919;1
31204;58913;1
29626;60190;1
30075;59907;1
32218;62122;1
30740;62257;1
28555;61394;1
31318;58248;1
29618;60724;1
32557;61120;1
31530;59440;1
32126;60135;1
29801;61182;1
29148;58130;1
26807;61319;1
31413;60511;1
30647;61432;1
30619;60514;1
31284;61697;1
31312;60742;1
33387;61847;1
32660;59958;1
30795;63840;1
30746;61100;1
31879;60106;1
33018;62972;1
30887;62360;1
31474;60121;1
31797;61321;1
30395;60514;1
29160;57565;1
30133;63934;1
33171;59359;1
28342;58906;1
30960;62047;1
30927;61258;1
30161;62149;1
29448;62355;1
30068;62245;1
32579;62231;1
32590;63313;1
28653;61470;1
31663;61270;1
33003;60476;1
31142;59600;1
27316;63731;1
31472;59250;1
31233;61286;1
32954;59101;1
28250;60235;1
30145;59447;1
30168;60662;1
32390;58431;1
30330;61187;1
31866;61099;1
29485;63621;1
27659;60100;1
29690;64853;1
30276;59599;1
31279;61858;1
28391;59730;1
31215;59848;1
33275;60563;1
30749;59966;1
28904;59191;1
27819;63600;1
30019;58071;1
31985;62537;1
32412;63477;1
27380;61315;1
30483;60444;1
28526;58659;1
31133;64758;1
32997;59655;1
30720;60651;1
31643;59695;1
31779;59328;1
31849;60708;1
31872;60703;1
29130;58041;1
28327;60138;1
30265;59751;1
32061;59778;1
29842;62137;1
33359;62329;1
29116;59119;1
30071;60466;1
29916;60125;1
28434;59636;1
29436;60956;1
27434;54958;1
25440;57862;1
24392;57589;1
26136;56016;1
26253;58899;1
24733;56201;1
25528;59581;1
25738;58235;1
24618;55531;1
26834;55097;1
25201;54565;1
25851;58222;1
27108;57491;1
28837;54748;1
24946;56824;1
25052;57829;1
28402;57647;1
25052;57022;1
27181;54919;1
28052;55809;1
25196;55203;1
26591;56646;1
29474;56798;1
27070;57594;1
26481;56658;1
24784;57237;1
28064;58174;1
27715;55387;1
26470;56078;1
23811;56713;1
26542;57297;1
27473;55726;1
26275;56590;1
25919;59329;1
27550;55740;1
28594;55605;1
28250;58482;1
27827;58698;1
26215;55199;1
27517;55156;1
27881;60061;1
27012;54253;1
26172;55215;1
26319;58948;1
27900;56990;1
28810;55914;1
28021;56815;1
27286;59569;1
25494;55960;1
25659;57314;1
27469;55207;1
26043;55705;1
26718;53997;1
27707;56661;1
27634;56842;1
27707;56972;1
26205;53325;1
26512;58723;1
27821;56672;1
25689;56135;1
25979;56888;1
26345;56949;1
24731;56832;1
25629;58886;1
29908;56769;1
25873;59678;1
27128;54407;1
27287;58184;1
26387;58854;1
26891;56558;1
24536;56381;1
28383;58361;1
27493;56974;1
28582;58290;1
25283;58667;1
26042;59496;1
28772;57273;1
25425;57151;1
28909;58542;1
26560;55691;1
27188;56510;1
26174;57058;1
23262;57537;1
26490;58074;1
27874;55221;1
24446;56245;1
29227;57928;1
26149;60135;1
25540;56691;1
25014;56055;1
25970;55621;1
28657;57812;1
28212;55783;1
25507;58317;1
27306;57368;1
27463;56882;1
23994;55242;1
24879;56386;1
24594;58438;1
28033;54727;1
29053;58326;1
26193;55842;1
29259;57100;1
27525;57634;1
28073;56257;1
26774;57001;1
25383;56911;1
25669;56972;1
25208;56211;1
27256;59403;1
27196;59444;1
27331;56041;1
27937;58138;1
28509;58324;1
26717;60264;1
27955;56280;1
25446;55704;1
26109;58656;1
25760;55776;1
28212;56159;1
28233;54684;1
26449;55946;1
25001;58362;1
26962;56689;1
25916;54106;1
28777;57742;1
27815;58195;1
25663;55384;1
27901;55860;1
25659;54386;1
28759;58288;1
25021;56847;1
26692;57000;1
27775;54914;1
25818;53650;1
25985;57795;1
27033;60004;1
27613;55744;1
28592;54269;1
25260;56723;1
24970;59023;1
23462;57642;1
26119;56817;1
29242;56662;1
25347;57105;1
26091;56821;1
26145;58505;1
26896;57284;1
25137;55409;1
27354;54316;1
19261;63453;1
20147;61505;1
19188;57789;1
19583;63659;1
17969;62228;1
21897;58917;1
22606;61448;1
19622;64221;1
22246;61319;1
20384;62437;1
20960;61852;1
21577;60141;1
18709;61578;1
18999;61780;1
20587;62383;1
19768;60627;1
22982;59562;1
19533;60480;1
20782;61636;1
19005;60807;1
18261;60547;1
21899;61237;1
19257;62118;1
18804;62526;1
21096;59815;1
20354;59784;1
19943;63108;1
19049;59645;1
19177;58865;1
19048;62924;1
23096;59668;1
21449;60845;1
20765;60709;1
21064;60931;1
19837;60753;1
18422;62176;1
19779;61803;1
19838;59122;1
19108;61782;1
21412;58791;1
20671;61282;1
18870;60325;1
18642;58455;1
19395;59800;1
19335;61410;1
19770;59397;1
18068;61918;1
21368;59942;1
19530;58199;1
20181;60841;1
19764;63838;1
18920;61044;1
18680;62674;1
19070;61422;1
21307;64529;1
19144;62358;1
19290;60747;1
19871;62381;1
19696;57420;1
19797;61359;1
18344;59637;1
20259;60511;1
20316;61803;1
22369;62265;1
19096;59674;1
20453;61587;1
20380;60733;1
16846;62613;1
20002;57292;1
19912;60502;1
19641;59926;1
19601;60881;1
19285;60802;1
21062;61940;1
20568;59655;1
20338;62938;1
21393;62630;1
19272;60480;1
20007;61561;1
20784;60935;1
19038;60983;1
17653;62598;1
18996;59942;1
19506;63413;1
19294;57629;1
19154;62093;1
18934;63661;1
20737;61019;1
20490;62450;1
18960;62751;1
22403;62224;1
20378;62549;1
18929;59621;1
20252;61749;1
19309;61793;1
16591;60560;1
19015;62840;1
17643;60949;1
18426;62525;1
20294;61802;1
20151;62252;1
18502;63614;1
18015;60258;1
19545;60834;1
21792;62240;1
19942;59731;1
20535;59462;1
20768;63354;1
18347;59545;1
19276;62396;1
18781;60559;1
20515;61410;1
19925;58496;1
21944;60190;1
21072;63597;1
19964;60809;1
20709;63801;1
18101;59879;1
20971;58909;1
22489;59259;1
18892;60475;1
22071;61236;1
20481;60914;1
20438;59851;1
19803;60968;1
20257;61196;1
19242;61797;1
18406;58116;1
20868;59488;1
17152;59537;1
19680;62580;1
19930;60962;1
20911;63782;1
18513;61092;1
21616;62776;1
21783;61970;1
20687;60667;1
18989;60037;1
19871;62312;1
17818;62484;1
20526;61492;1
20561;61164;1
21231;59423;1
18961;60872;1
20211;60986;1
21615;61597;1
19972;62712;1
19606;62894;1
19063;62295;1
20217;63442;1
19143;53284;1
17326;51720;1
16296;54087;1
16286;54449;1
20417;56568;1
16111;53619;1
15846;56000;1
19105;52235;1
19655;54785;1
16638;53423;1
16223;56656;1
16166;53836;1
16738;54689;1
17753;52609;1
18846;53892;1
15101;50950;1
16371;54091;1
19680;54296;1
17314;54956;1
19294;52649;1
20358;53540;1
18491;57638;1
17300;51911;1
13909;53337;1
16250;56716;1
16803;53706;1
17777;51711;1
17494;56321;1
17023;52554;1
18480;54137;1
17989;54877;1
14909;52137;1
16271;55503;1
15579;54275;1
17775;55776;1
17573;56376;1
14562;54344;1
16017;52583;1
17725;53549;1
17782;57990;1
18273;55960;1
16798;54135;1
16402;54427;1
17604;57415;1
15159;52909;1
17093;56620;1
14665;53393;1
16840;56442;1
15944;52902;1
15383;53914;1
19752;54971;1
17200;52488;1
16393;55068;1
17783;51416;1
15985;51728;1
16315;54450;1
16104;56565;1
17658;52827;1
16905;55169;1
18617;55656;1
16219;53637;1
17610;58180;1
17395;54596;1
17136;53618;1
16675;50940;1
19876;54521;1
18453;56324;1
17211;52619;1
20832;53051;1
17426;55344;1
18261;53072;1
16398;54369;1
18211;53160;1
16394;57589;1
20680;56180;1
16527;53323;1
17108;54515;1
15165;54667;1
16265;53570;1
16364;55389;1
16595;52653;1
14197;54364;1
16746;55228;1
14365;55602;1
17741;55439;1
14590;55330;1
15981;55498;1
17050;55534;1
17805;55269;1
19018;53560;1
14927;54599;1
17892;53512;1
15779;56775;1
16612;53816;1
18536;55169;1
16108;54076;1
14127;53882;1
18780;55399;1
17650;54611;1
16732;52426;1
17318;55292;1
18541;55919;1
16938;55514;1
15396;53105;1
17508;55488;1
17431;54420;1
16714;55948;1
17403;56861;1
18068;54386;1
14683;54085;1
17898;55100;1
17206;53687;1
17583;57472;1
17075;54403;1
16780;53847;1
15915;55154;1
19939;54424;1
14995;55889;1
16928;56318;1
16097;56428;1
15133;52003;1
15860;57599;1
18488;56212;1
17423;55459;1
16507;54347;1
17751;53859;1
16898;54827;1
16932;55866;1
19892;54860;1
16278;52466;1
16719;55585;1
17800;53918;1
18378;56011;1
13907;54576;1
17044;55877;1
15476;55040;1
17358;55280;1
18717;52598;1
17547;55041;1
17304;54119;1
19798;52845;1
16116;54683;1
14980;53904;1
16067;56094;1
16546;54778;1
16137;57399;1
17141;54202;1
17786;55157;1
16714;51438;1
14737;55071;1
11897;49856;1
8604;49746;1
10766;51585;1
12389;49818;1
8766;51369;1
11798;53052;1
10834;51147;1
9549;50996;1
10321;50691;1
10565;51704;1
11845;51491;1
11060;50234;1
10171;48859;1
10919;50525;1
11480;50604;1
12475;49220;1
7385;51656;1
11437;51406;1
10670;49260;1
8654;50049;1
9927;51309;1
11022;50515;1
10633;50511;1
11096;50971;1
8723;52304;1
12851;51373;1
11786;51096;1
11239;52647;1
9454;51165;1
8982;51774;1
12236;51043;1
9741;50089;1
11398;47759;1
9862;53085;1
12114;49993;1
9243;53664;1
11639;50146;1
9706;48399;1
10229;53155;1
10935;51458;1
11745;50495;1
13063;51433;1
11225;51892;1
10680;51164;1
11263;48928;1
8633;49581;1
12697;52216;1
9171;50386;1
8066;52133;1
10401;53090;1
12416;51460;1
10794;50115;1
10580;51553;1
11365;50973;1
9763;50495;1
9416;50770;1
7934;48544;1
10806;48952;1
10904;51342;1
9657;52423;1
12791;50426;1
8842;50261;1
11640;50257;1
11450;52510;1
10480;51773;1
11020;49726;1
8705;49365;1
8276;48524;1
10859;51248;1
6798;51275;1
9359;51444;1
8524;52422;1
8506;50665;1
7906;50299;1
9247;50471;1
11773;50161;1
8730;51510;1
8422;52679;1
13020;50329;1
10991;48211;1
11536;49673;1
11062;50068;1
10653;51048;1
8444;50174;1
11876;50023;1
11611;48473;1
9327;52012;1
10749;51406;1
10026;52647;1
10579;49821;1
13981;49623;1
10579;50729;1
9390;51106;1
12594;52133;1
9198;50826;1
11435;50996;1
12436;48816;1
9815;51501;1
11037;50777;1
8869;51886;1
9744;50911;1
10333;50182;1
10622;52334;1
7739;49873;1
12376;48666;1
12199;50485;1
13144;49604;1
8524;50708;1
11095;51738;1
9592;50262;1
10879;49512;1
11130;49369;1
10337;49890;1
9895;50510;1
9703;51958;1
7720;51431;1
9481;49546;1
7484;52113;1
8583;49768;1
6951;51758;1
10191;49243;1
11820;50017;1
7445;50769;1
10764;52080;1
10444;50923;1
9616;52793;1
13482;49941;1
11149;51188;1
11076;53717;1
11109;49944;1
10704;51371;1
9443;52075;1
8868;52990;1
10757;51325;1
11396;53232;1
10048;52277;1
10606;53363;1
9657;50553;1
10058;49889;1
9324;49714;1
9816;55272;1
11888;48809;1
9837;50011;1
11269;48664;1
9836;52030;1
10577;51583;1
6885;51244;1
11023;49802;1
10839;50455;1
10013;50471;1
3364;56093;1
5522;54143;1
4557;54902;1
4140;54842;1
4927;52701;1
5607;54784;1
4864;55680;1
5617;55660;1
5366;53856;1
6727;54732;1
2968;54214;1
5388;53392;1
7034;50514;1
4207;53376;1
3110;55381;1
3991;55631;1
3589;53393;1
1756;54502;1
6577;53657;1
6675;54728;1
5984;55785;1
3520;55818;1
3375;53677;1
6947;52316;1
2677;54186;1
3465;54037;1
4750;55207;1
4977;51710;1
2847;54305;1
5988;53574;1
4362;53432;1
5003;52684;1
4715;54506;1
4759;57743;1
5027;55655;1
7431;50756;1
3849;54348;1
2248;53985;1
5088;52898;1
2916;54180;1
4382;53067;1
3581;58080;1
2707;55155;1
4962;56531;1
2326;53879;1
4410;54098;1
2875;55177;1
5539;55039;1
2796;57052;1
7335;54395;1
5489;52708;1
4492;56754;1
2056;56061;1
6689;53870;1
5902;53527;1
5359;54762;1
7002;54536;1
6570;55309;1
5909;54502;1
4118;53600;1
4081;56221;1
3662;53763;1
4418;56325;1
4995;57057;1
7625;54059;1
5729;53643;1
5509;54479;1
2512;53861;1
5781;54701;1
3499;55206;1
4780;56332;1
6726;55910;1
4567;55033;1
3933;54316;1
4329;53012;1
6046;55497;1
5418;54124;1
5759;55028;1
5970;54618;1
5664;54114;1
6835;55281;1
5026;55207;1
4332;56121;1
6236;54262;1
4946;55080;1
4356;55423;1
5755;53627;1
4231;53432;1
4453;53923;1
5516;56043;1
5268;56645;1
4567;55451;1
3441;55616;1
4911;53538;1
6503;53356;1
3746;53927;1
4245;55965;1
4413;54165;1
4159;54035;1
4115;53150;1
6251;55245;1
5389;54870;1
6666;54030;1
2575;54211;1
4749;55593;1
2996;55489;1
3594;53609;1
5764;53896;1
5192;52602;1
7700;54988;1
5770;53331;1
4235;54556;1
4731;54238;1
4877;55291;1
4023;57278;1
3874;55784;1
5255;52393;1
6228;55206;1
5618;54536;1
2659;55959;1
4084;54843;1
4524;56226;1
4061;54024;1
3597;52748;1
6267;57098;1
3944;55580;1
2596;56386;1
6210;54578;1
4785;54895;1
5536;54428;1
5945;52615;1
4028;55483;1
4222;57392;1
5088;53006;1
5378;55302;1
6635;57985;1
6044;55199;1
3305;55031;1
5133;53898;1
4636;57162;1
5065;57069;1
4260;54579;1
4761;54969;1
4711;53314;1
6752;54903;1
6702;54483;1
4405;54784;1
7579;54208;1
3600;53791;1
10256;60907;1
8676;57719;1
9383;61340;1
10156;60841;1
8627;63762;1
12376;62842;1
12048;59831;1
10279;57681;1
11465;61289;1
9589;60754;1
8002;60609;1
10364;61512;1
12948;60162;1
12277;61976;1
8576;60303;1
12546;60499;1
7951;59432;1
9986;60034;1
10939;58346;1
9893;59586;1
12095;64166;1
6646;63005;1
11091;61195;1
10950;57600;1
10930;60322;1
11468;61950;1
8554;60761;1
10663;59125;1
9431;62300;1
9966;59064;1
6693;60430;1
12090;59869;1
10936;61184;1
12124;60279;1
11187;58843;1
8710;58937;1
10102;60364;1
10616;60683;1
11579;58617;1
8521;59545;1
12110;59455;1
9117;60001;1
14665;60436;1
8431;61105;1
11971;59851;1
12613;59379;1
10372;57097;1
11306;60035;1
10198;58488;1
11721;61075;1
10690;61867;1
11511;62215;1
8638;60548;1
9347;61512;1
8446;60600;1
10530;56564;1
10726;60737;1
10334;60937;1
11226;57861;1
10802;56031;1
12622;58547;1
10938;62519;1
11210;58343;1
13252;62021;1
12559;59819;1
8908;59029;1
12930;62857;1
10570;63000;1
8778;63637;1
13836;60414;1
8240;60831;1
10210;58723;1
12347;61746;1
10963;57947;1
10824;61369;1
9766;58973;1
9432;61396;1
11631;59714;1
10722;61544;1
11103;60003;1
12424;58655;1
11681;59832;1
13039;61888;1
9932;59316;1
11412;64537;1
10853;62937;1
9972;60044;1
11616;60575;1
10434;61086;1
10993;59910;1
9534;61767;1
12150;59180;1
9933;59269;1
13206;62465;1
7821;61712;1
10844;63287;1
13096;62112;1
12171;61128;1
13063;59700;1
10031;61025;1
12335;58115;1
11878;60429;1
10390;61299;1
10336;60916;1
8238;58683;1
13779;60968;1
13348;60275;1
11955;59006;1
8673;62255;1
12822;62138;1
8471;61739;1
9954;60705;1
11436;59452;1
12430;62195;1
10457;61257;1
9639;62038;1
11068;58255;1
9730;63026;1
9817;60728;1
8339;61080;1
10669;61473;1
10438;63245;1
9520;60139;1
8957;61191;1
11134;60627;1
12965;61972;1
9210;59309;1
9829;61696;1
10746;62172;1
10595;61783;1
8280;57997;1
7644;61816;1
11776;61448;1
13598;63186;1
9058;60416;1
10200;62166;1
10536;62434;1
11719;61142;1
9996;61355;1
11775;61142;1
9033;63414;1
9287;62954;1
9049;59370;1
10457;58942;1
9647;59886;1
8754;61242;1
11165;59822;1
8828;59102;1
8879;59244;1
10002;61399;1
